Headword,Related word forms,SFI,U,D
abdominal,abdominals,50.888,12,5.733
absorb,"absorbed, absorbing, absorbs",55.197,33,845
absorption,,55.479,35,8.391
accelerate,"accelerated, accelerates, accelerating",54.671,29,808
acceleration,,55.071,32,4.301
accent,"accented, accenting, accents",54.904,31,7.943
accumulate,"accumulated, accumulates, accumulating",55.566,36,9.127
accumulation,accumulations,55.973,40,9.129
accuracy,,58.315,68,8.824
accurately,,54.63,29,9.544
acid,acids,61.719,149,6.212
acidic,,48.035,6,6.632
activate,"activated, activates, activating",58.462,70,6.435
actively,,53.924,25,895
acute,,57.723,59,556
adaptation,adaptations,58.308,68,7.642
adaptive,,56.439,44,8.593
adjacent,,56.556,45,8.801
admission,admissions,54.844,31,8.687
adolescent,adolescents,58.461,70,7.521
adverse,,55.387,35,6.694
aerosol,aerosols,43.708,2,7.136
aesthetic,"aesthetics, esthetic, esthetics",56.408,44,8.161
affirm,"affirmed, affirming, affirms",51.347,14,7.872
afterward,afterwards,51.275,13,8.644
aggregate,"aggregated, aggregates, aggregating",57.643,58,8.103
agriculture,agricultures,56.397,44,9.032
airplane,"aeroplane, aeroplanes, airplanes",46.596,5,7.743
algebra,algebras,56.842,48,6.641
algorithm,algorithms,61.252,133,6.218
alien,aliens,52.156,16,8.875
alliance,alliances,54.553,29,6.838
allocate,"allocated, allocates, allocating",54.143,26,8.308
allocation,allocations,55.697,37,8.014
altitude,altitudes,50.681,12,7.922
aluminum,aluminium,49.867,10,7.693
amino,,56.785,48,5.223
amongst,,55.515,36,8.133
amplitude,amplitudes,58.308,68,7.109
analogy,analogies,55.392,35,9.522
ancestor,ancestors,53.712,24,8.173
anthropology,anthropologies,53.282,21,3.948
anti,,51.771,15,8.873
antibiotic,antibiotics,53.276,21,5.182
antibody,antibodies,59.649,92,4.467
antiquity,antiquities,51.252,13,6.143
appendix,"appendices, appendixes",56.838,48,8.392
applause,,42.343,2,679
apple,apples,50.807,12,923
approximate,"approximated, approximates, approximating",56.929,49,7.195
approximation,approximations,58.602,72,6.476
arbitrary,,57.817,60,8.984
archaeology,,57.178,52,409
architect,architects,54.109,26,6.427
array,arrays,57.299,54,7.561
arrow,"arrowed, arrowing, arrows",56.304,43,9.056
articulate,"articulated, articulates, articulating",55.439,35,8.741
artifact,"artefact, artefacts, artifacts",54.477,28,7.619
artificial,,56.221,42,9.313
artistic,,53.283,21,7.334
artwork,artworks,45.22,3,5.665
aspect,aspects,64.19,262,9.385
assembly,assemblies,56.669,46,9.245
assert,"asserted, asserting, asserts",56.805,48,8.349
assignment,assignments,56.09,41,9.262
athletic,athletics,43.62,2,7.993
atom,atoms,57.173,52,6.215
atomic,,53.775,24,6.684
auction,"auctioned, auctioning, auctions",47.752,6,4.671
audio,,50.308,11,9.181
audit,"audited, auditing, audits",51.017,13,6.452
authority,authorities,62.502,178,7.929
autonomy,,57.139,52,9.029
availability,,56.633,46,8.715
axiom,axioms,53.221,21,5.937
axis,,58.672,74,6.041
backward,backwards,54.031,25,9.729
bacteria,,52.311,17,5.557
bacterial,,54.733,30,4.646
bang,"banged, banging, bangs",44.77,3,8.544
bargain,"bargained, bargaining, bargains",52.994,20,7.559
barrel,"barreled, barreling, barrelled, barrelling, barrels",47.735,6,8.861
basin,basins,54.858,31,7.141
bat,"bats, batted, batting",52.83,19,9.644
beam,"beamed, beaming, beams",59.017,80,585
behavioral,behavioural,59.549,90,7.084
bilingual,,59.488,89,5.905
binary,binaries,55.168,33,665
biodiversity,,50.153,10,7.142
biologist,biologists,49.565,9,8.437
biology,biologies,57.114,51,8.118
bizarre,,47.216,5,8.821
blank,"blanked, blanking, blanks",50.569,11,9.188
bleed,"bled, bleeding, bleeds",51.17,13,6.012
bodily,,51.446,14,8.043
bonus,bonuses,46.047,4,5.973
bound,"bounded, bounding, bounds",61.142,130,9.024
bracket,"bracketed, brackets, bracketted",52.56,18,7.494
breakdown,breakdowns,54.084,26,0.82
broadly,,54.209,26,9.034
bubble,"bubbled, bubbles, bubbling",52.573,18,8.832
bucket,buckets,46.689,5,5.456
bulk,"bulked, bulking, bulks",54.327,27,9.305
bullet,bullets,45.326,3,8.308
bundle,"bundled, bundles, bundling",53.882,24,8.848
calcium,,56.669,46,6.556
calculation,calculations,59.182,83,8.207
calculator,calculators,41.841,2,6.326
calculus,,57.014,50,6.738
campus,campuses,47.053,5,883
candidate,candidates,59.726,94,8.945
capillary,capillaries,52.236,17,5.262
capitalism,,53.954,25,6.964
capitalist,capitalists,53.876,24,7.731
carrier,carriers,54.47,28,8.056
cattle,,56.069,40,8.624
censor,"censored, censoring, censors",48.281,7,6.834
characterization,"characterisation, characterisations, characterizations",56.957,50,6.323
cheat,"cheated, cheating, cheats",46.023,4,9.163
cheer,"cheered, cheering, cheers",43.81,2,777
chemistry,,53.225,21,8.533
chemotherapy,,52.248,17,5.637
chess,,43.564,2,5.698
chloride,chlorides,50.526,11,7.616
chromosome,chromosomes,58.774,75,5.353
chronic,,58.07,64,5.295
chunk,"chunked, chunking, chunks",50.02,10,9.086
cinema,cinemas,48.811,8,5.888
circa,,43.488,2,2.579
circulate,"circulated, circulates, circulating",53.573,23,8.887
circulation,,55.629,37,8.416
civilization,"civilisation, civilisations, civilizations",54.785,30,7.609
clarify,"clarified, clarifies, clarifying",54.827,30,9.596
classification,classifications,58.542,71,8.165
classify,"classified, classifies, classifying",57.937,62,8.752
classroom,classrooms,57.072,51,6.934
clay,,52.029,16,7.998
clever,"cleverer, cleverest",47.03,5,8.907
click,"clicked, clicking, clicks",49.004,8,8.023
client,clients,56.96,50,8.043
clinic,clinics,54.145,26,7.871
clip,"clipped, clipping, clippings, clips",48.398,7,9.518
clone,"cloned, clones, cloning",55.741,38,5.713
closure,closures,56.642,46,7.376
clue,clues,52.362,17,9.662
coefficient,coefficients,60.834,121,6.528
cognitive,,62.068,161,7.067
coherent,,54.801,30,942
collective,collectives,57.824,61,8.232
colonial,colonials,59.37,86,7.868
colony,colonies,56.871,49,8.483
comma,commas,47.236,5,5.475
commentary,commentaries,56.292,43,7.984
commodity,commodities,53.805,24,8.349
commonly,,58.322,68,8.139
communicative,,54.003,25,6.916
communist,communists,53.467,22,7.881
compact,"compacted, compacting, compacts",57.786,60,8.097
comparable,,57.333,54,8.811
comparative,comparatives,58.502,71,8.377
compensate,"compensated, compensates, compensating",53.779,24,9.123
competence,competences,56.8,48,8.107
competent,,51.528,14,8.858
complement,"complemented, complementing, complements",57.666,58,8.728
complication,complications,55.513,36,6.856
comply,"complied, complies, complying",51.017,13,7.746
composer,composers,56.92,49,5.106
composite,,53.91,25,8.342
comprehension,,56.904,49,7.918
computation,computations,57.915,62,7.482
conceive,"conceived, conceives, conceiving",55.644,37,8.336
conception,conceptions,58.038,64,8.575
conceptual,,58.113,65,8.692
conditional,conditionals,57.096,51,7.908
conduction,,50.328,11,7.722
cone,cones,58.244,67,7.777
conference,conferences,58.044,64,9.034
configuration,configurations,58.755,75,7.611
confine,"confined, confines, confining",55.83,38,8.796
confound,"confounded, confounding, confounds",51.531,14,7.793
congruent,,47.982,6,4.938
connector,connectors,43.196,2,5.605
connotation,connotations,49.558,9,687
conscious,,55.656,37,8.406
consciousness,consciousnesses,57.241,53,773
consensus,,56.259,42,8.908
consent,"consented, consenting, consents",55.934,39,7.227
conservation,conservations,56.79,48,8.688
conserve,"conserved, conserves, conserving",54.358,27,8.149
consonant,consonants,57.118,51,7.047
constitution,constitutions,55.072,32,818
constrain,"constrained, constraining, constrains",56.789,48,8.726
consultation,consultations,53.832,24,5.672
consumption,consumptions,59.545,90,9.168
container,containers,51.495,14,8.823
continent,continents,53.458,22,874
continuity,continuities,57.449,56,9.258
contour,"contoured, contouring, contours",55.132,33,8.732
contradict,"contradicted, contradicting, contradicts",53.531,23,9.061
contradiction,contradictions,56.053,40,8.476
contradictory,,52.518,18,8.217
contrary,,57.084,51,8.472
controversy,controversies,55.305,34,8.725
converge,"converged, converges, converging",56.913,49,8.025
convergence,convergences,57.738,59,7.781
coordinate,"coordinated, coordinates, coordinating",59.192,83,7.647
coordination,,54.455,28,8.351
cord,cords,53.838,24,7.452
coronary,,54.101,26,5.953
corpus,,57.611,58,8.295
correction,corrections,56.022,40,8.795
correctly,,55.621,36,9.737
correlate,"correlated, correlates, correlating",59.679,93,8.085
correlation,correlations,61.761,150,861
correspondence,correspondences,58.943,78,7.311
corruption,corruptions,53.582,23,7.999
cortex,"cortexes, cortices",58.305,68,5.937
credibility,,49.993,10,8.591
criteria,,49.642,9,8.689
critically,,51.896,15,8.988
critique,"critiqued, critiques, critiquing",56.647,46,8.113
crude,"cruder, crudest",52.289,17,9.454
crystal,crystals,54.546,28,8.097
cue,"cued, cueing, cues",56.6,46,7.658
cure,"cured, cures, curing",52.528,18,9.043
curriculum,"curricula, curriculums",54.807,30,6.332
cyclic,,52.389,17,7.585
cylinder,cylinders,54.606,29,6.817
damp,"damped, dampest, damping, damps",51.978,16,7.052
deadline,deadlines,44.808,3,6.281
decay,"decayed, decaying, decays",55.661,37,8.148
deceive,"deceived, deceives, deceiving",46.559,5,6.828
defect,"defected, defecting, defects",57.744,59,8.383
deficiency,deficiencies,54.723,30,5.722
definite,,55.167,33,9.637
deflection,deflections,46.573,5,563
degrade,"degraded, degrades, degrading",51.515,14,861
deliberately,,52.25,17,9.049
delta,deltas,49.534,9,5.298
demonstrator,demonstrators,42.26,2,4.078
denominator,denominators,49.23,8,7.634
denote,"denoted, denotes, denoting",62.571,181,7.035
dense,"denser, densest",56.491,45,8.381
dependence,,58.237,67,8.486
depict,"depicted, depicting, depicts",56.61,46,788
derivative,derivatives,56.84,48,7.859
descendent,descendents,38.92,1,2.082
descriptor,descriptors,46.495,4,2.602
destination,destinations,50.462,11,877
detection,,58.103,65,8.549
developmental,,61.171,131,7.063
deviation,deviations,57.786,60,7.201
diagnose,"diagnosed, diagnoses, diagnosing",54.925,31,6.806
diagnosis,,59.844,96,6.205
diagnostic,diagnostics,57.486,56,7.474
diagram,"diagrammed, diagramming, diagrams",57.785,60,8.157
dialect,dialects,56.884,49,7.714
diameter,diameters,58.256,67,6.894
diary,diaries,52.865,19,7.785
dictate,"dictated, dictates, dictating",52.435,18,9.758
dictionary,dictionaries,55.096,32,7.628
differential,differentials,59.041,80,9.071
differentiate,"differentiated, differentiates, differentiating",56.788,48,9.259
differentiation,differentiations,56.646,46,7.765
diffusion,diffusions,56.827,48,8.001
dilemma,dilemmas,54.174,26,8.712
dilute,"diluted, dilutes, diluting",52.011,16,8.967
dimensional,,54.502,28,8.454
dioxide,dioxides,51.598,14,7.879
directive,directives,52.227,17,7.768
disability,disabilities,56.073,40,8.255
disadvantage,"disadvantaged, disadvantages, disadvantaging",55.045,32,9.232
discharge,"discharged, discharges, discharging",56.443,44,8.758
discourse,"discoursed, discourses, discoursing",61.513,142,725
discrete,,57.08,51,7.083
discrimination,discriminations,55.907,39,7.152
displacement,displacements,54.804,30,528
dissection,dissections,48.318,7,5.207
dissertation,dissertations,54.116,26,8.053
dissolve,"dissolved, dissolves, dissolving",53.089,20,8.942
distribution,distributions,65.665,369,6.863
disturbance,disturbances,57.225,53,7.012
diverse,,57.487,56,9.161
domain,domains,63.467,222,8.276
dominance,,55.714,37,8.831
dominant,,59.25,84,9.491
domination,,51.657,15,0.8
donor,donors,55.438,35,7.892
dose,"dosed, doses, dosing",58.711,74,4.055
drain,"drained, draining, drains",50.892,12,8.159
drift,"drifted, drifting, drifts",54.515,28,8.718
duration,durations,59.577,91,7.303
dye,"dyed, dyeing, dyes",52.027,16,9.061
dynamic,dynamics,63.506,224,8.548
ecological,,56.43,44,8.968
ecology,ecologies,56.49,45,8.148
economically,,51.967,16,9.061
economist,economists,54.069,26,6.486
effectiveness,,57.05,51,7.654
elaborate,"elaborated, elaborates, elaborating",55.732,37,8.719
elastic,elastics,52.487,18,6.915
elasticity,elasticities,52.537,18,8.189
electron,electrons,61.413,138,7.375
elementary,,53.881,24,8.476
elevate,"elevated, elevates, elevating",55.405,35,7.747
elevation,elevations,53.792,24,7.844
elimination,eliminations,53.61,23,8.172
elite,elites,58.631,73,8.796
embed,"embedded, embedding, embeds",57.724,59,9.091
emergence,,58.201,66,8.073
emission,emissions,57.265,53,8.481
emit,"emits, emitted, emitting",51.536,14,6.208
emperor,emperors,50.699,12,6.607
empirical,,60.149,103,8.782
encode,"encoded, encodes, encoding",58.441,70,7.687
enforcement,,52.394,17,7.283
enormously,,47.123,5,9.399
entity,entities,57.57,57,8.949
entrant,entrants,42.98,2,3.343
enzyme,enzymes,58.051,64,4.758
epidemic,epidemics,53.131,21,813
epidemiology,,53.092,20,7.838
equality,equalities,57.621,58,8.609
equilibrium,,59.952,99,8.522
equivalence,equivalences,56.343,43,6.414
erase,"erased, erases, erasing",48.677,7,8.308
essence,essences,54.607,29,9.203
essentially,,58.934,78,9.491
estimation,estimations,57.802,60,6.642
ethical,,56.936,49,7.985
ethics,ethic,55.981,40,8.739
evident,,58.121,65,8.839
evolutionary,,57.866,61,8.318
ex,exes,58.029,64,959
execute,"executed, executes, executing",54.26,27,8.167
execution,executions,55.13,33,8.875
exit,"exited, exiting, exits",53.608,23,949
expertise,expertises,53.944,25,8.926
explicit,,59.389,87,8.943
explicitly,,58.124,65,8.953
exploit,"exploited, exploiting, exploits",56.397,44,9.369
exponential,exponentials,54.668,29,7.166
fabric,fabrics,51.498,14,7.739
facet,"faceted, faceting, facets",50.286,11,8.122
facilitate,"facilitated, facilitates, facilitating",58.438,70,7.929
factorial,factorials,46.511,4,4.714
faculty,faculties,53.282,21,8.232
fatigue,"fatigued, fatigues, fatiguing",53.04,20,8.387
feedback,feedbacks,57.858,61,7.859
fertility,,56.559,45,8.649
fetal,foetal,56.908,49,6.596
fever,"fevered, fevers",52.821,19,6.019
fiber,"fibers, fibre, fibres",57.559,57,682
fin,fins,49.87,10,7.784
finite,,61.478,141,6.568
flesh,"fleshed, fleshes, fleshing",49.42,9,7.707
flexibility,flexibilities,53.873,24,9.468
flip,"flipped, flipping, flips",48.002,6,8.409
fluid,fluids,61.211,132,7.253
flux,"fluxed, fluxes, fluxing",55.415,35,7.009
footnote,"footnoted, footnotes",51.484,14,6.435
formally,,54.634,29,9.221
formulation,formulations,56.885,49,8.244
forum,"fora, forums",51.173,13,8.336
fossil,fossils,54.503,28,7.621
founds,"founded, founding",50.854,12,7.791
fraction,fractions,57.805,60,8.399
fracture,"fractured, fractures, fracturing",53.209,21,6.649
freely,,53.817,24,9.075
friction,frictions,52.36,17,6.119
fringe,"fringed, fringes, fringing",49.598,9,5.806
fundamentally,,52.651,18,9.356
fungus,fungi,51.493,14,5.668
fusion,fusions,56.797,48,7.116
gauge,"gage, gaged, gages, gaging, gauged, gauges, gauging",50.665,12,725
generalization,"generalisation, generalisations, generalizations",56.546,45,8.901
generalize,"generalise, generalised, generalises, generalising, generalized, generalizes, generalizing",59.029,80,8.817
genetically,,52.314,17,7.537
genetics,,53.705,23,7.146
ghost,"ghosted, ghosting, ghosts",49.342,9,8.548
globalization,globalisation,52.189,17,544
goat,goats,51.538,14,8.044
goodness,,51.122,13,8.276
goods,,53.194,21,5.826
gradient,gradients,57.599,58,8.521
gram,grams,49.85,10,7.159
grammatical,,58.317,68,7.841
graph,"graphed, graphing, graphs",61.814,152,784
grasp,"grasped, grasping, grasps",54.345,27,8.878
gravity,gravities,53.636,23,6.488
grid,grids,54.826,30,8.788
gross,"grossed, grosser, grosses, grossest, grossing",53.493,22,8.746
gut,"guts, gutted, gutting",50.773,12,8.346
habitat,habitats,56.092,41,8.092
halfway,,44.848,3,8.811
handout,handouts,42.85,2,6.464
harvest,"harvested, harvesting, harvests",56.205,42,8.819
hawk,"hawked, hawking, hawks",42.937,2,8.154
headquarter,"headquartered, headquartering, headquarters",47.357,5,734
hedge,"hedged, hedges, hedging",48.823,8,7.263
helix,"helices, helixes",51.735,15,5.782
hepatitis,,52.6,18,5.255
herbicide,herbicides,46.057,4,5.087
hierarchy,hierarchies,57.217,53,8.814
hip,"hipped, hips",51.859,15,5.908
historically,,53.895,25,9.363
homework,,44.385,3,6.791
horizon,horizons,53.834,24,8.727
horizontal,horizontals,58.267,67,7.553
hormone,hormones,56.006,40,4.216
hydrogen,,54.123,26,6.883
identical,,59.107,81,8.939
identification,identifications,59.821,96,8.097
ideology,ideologies,58.025,63,7.745
illusion,illusions,52.847,19,7.033
immune,,56.868,49,5.585
impact,"impacted, impacting, impacts",63.491,223,9.426
implicit,,56.895,49,8.496
importantly,,54.544,28,9.183
impulse,impulses,54.585,29,7.986
incidence,incidences,58.423,70,7.332
incline,"inclined, inclines, inclining",52.424,17,7.578
inclusion,,57.292,54,791
incredible,,44.861,3,8.433
incredibly,,43.128,2,7.714
incumbent,incumbents,50.169,10,4.165
independently,,56.717,47,9.279
indicator,indicators,57.895,62,9.071
indifference,,48.72,7,6.389
indigenous,,56.734,47,7.638
indirect,,56.678,47,8.538
individually,,52.951,20,9.608
induce,"induced, induces, inducing",61.652,146,6.917
induction,,58.419,69,7.343
industrialization,industrialisation,50.403,11,8.423
industrialize,"industrialise, industrialised, industrialises, industrialising, industrialized, industrializes, industrializing",49.284,8,7.247
inequality,inequalities,59.111,81,7.801
inevitably,,53.959,25,8.965
infect,"infected, infecting, infects",58.764,75,5.584
infectious,,52.98,20,6.024
inference,inferences,57.261,53,894
inferior,inferiors,53.928,25,772
infinite,,57.52,56,7.727
infinity,infinities,52.696,19,4.949
influential,,54.616,29,8.161
informal,,56.448,44,8.955
inhibit,"inhibited, inhibiting, inhibits",57.126,52,5.614
inhibition,inhibitions,56.553,45,6.631
initiate,"initiated, initiates, initiating",57.151,52,7.849
initiation,initiations,53.836,24,7.325
inject,"injected, injecting, injects",54.077,26,7.819
injection,injections,57.053,51,7.087
innate,,51.607,14,8.893
insect,insects,57.042,51,8.573
insert,"inserted, inserting, inserts",55.717,37,8.738
instability,instabilities,57.974,63,7.541
instinct,instincts,49.319,9,7.739
integral,integrals,58.063,64,6.659
integration,integrations,59.263,84,8.926
intensity,intensities,59.938,99,7.825
intensive,,54.231,26,8.824
interact,"interacted, interacting, interacts",58.098,65,9.386
interestingly,,54.84,30,9.526
interface,"interfaced, interfaces, interfacing",57.726,59,7.525
interfere,"interfered, interferes, interfering",53.514,22,8.829
intermediate,"intermediated, intermediates",58.719,74,9.136
interrupt,"interrupted, interrupting, interrupts",51.719,15,9.885
interval,intervals,61.62,145,6.598
intervene,"intervened, intervenes",53.781,24,9.194
interviewer,interviewers,50.812,12,6.827
invade,"invaded, invades, invading",50.843,12,8.984
invasion,invasions,53.966,25,912
inversion,inversions,53.107,20,6.426
invert,"inverted, inverting, inverts",52.083,16,9.469
ion,ions,62.179,165,353
irrelevant,,53.103,20,9.268
irrigation,,52.903,20,7.543
jazz,"jazzed, jazzes, jazzing",51.263,13,6.465
junior,juniors,49.179,8,8.123
justification,justifications,55.19,33,8.533
kidney,kidneys,52.784,19,4.214
kilometer,"kilometers, kilometre, kilometres",49.137,8,546
lab,labs,50.397,11,776
lateral,laterals,57.063,51,7.084
layout,layouts,51.506,14,8.571
leaf,"leafed, leafing, leafs",57.651,58,8.036
lecturer,lecturers,47.917,6,7.238
legend,legends,51.016,13,7.746
legitimate,"legitimated, legitimates, legitimating",54.705,30,8.643
leisure,,52.396,17,8.209
lever,"levered, levering, levers",46.508,4,7.971
lexical,,60.617,115,638
liable,,49.828,10,5.039
lifestyle,lifestyles,52.098,16,8.994
lifetime,lifetimes,55.186,33,9.501
likelihood,,57.367,55,8.373
likewise,,55.462,35,911
limb,"limbed, limbs",53.429,22,8.297
linear,,62.119,163,7.191
linguistic,,61.741,149,8.055
linguistics,,56.015,40,8.646
liter,"liters, litre, litres",47.433,6,7.597
liver,livers,55.577,36,476
locally,,56.502,45,9.086
locus,"loci, locuses",58.635,73,6.736
logical,,57.032,50,9.042
longitudinal,,56.996,50,877
loop,"looped, looping, loops",56.846,48,7.402
lump,"lumped, lumping, lumps",47.72,6,9.195
lung,lungs,55.688,37,5.664
machinery,machineries,52.466,18,9.255
magnetic,magnetics,58.756,75,3.962
magnitude,magnitudes,57.307,54,4.386
mall,malls,41.244,1,3.659
manipulate,"manipulated, manipulates, manipulating",54.561,29,983
manipulation,manipulations,55.407,35,9.523
manual,manuals,55.259,34,9.584
manuscript,manuscripts,58.407,69,4.776
marble,"marbled, marbles",49.802,10,7.575
marginal,,56.96,50,7.715
marker,markers,60.234,106,818
marrow,,49.339,9,4.538
maternal,,58.691,74,7.085
mathematical,,57.388,55,876
matrix,"matrices, matrixes",62.166,165,8.347
maximize,"maximise, maximised, maximises, maximising, maximized, maximizes, maximizing",55.557,36,8.946
meaningful,,54.942,31,8.906
mechanic,mechanics,53.094,20,7.082
mechanical,,56.076,41,843
media,,50.882,12,8.215
mediate,"mediated, mediates, mediating",57.953,62,665
membrane,membranes,60.675,117,4.695
memorize,"memorise, memorised, memorises, memorising, memorized, memorizes, memorizing",45.828,4,8.905
mentor,"mentored, mentoring, mentors",47.731,6,7.554
mercury,,47.366,5,6.236
merge,"merged, merges, merging",54.192,26,9.255
messenger,messengers,49.576,9,7.606
metabolism,,54.205,26,5.108
metaphor,metaphors,55.593,36,6.544
methodology,methodologies,57.595,57,8.641
micro,,48.505,7,8.998
mid,,57.909,62,7.867
migrate,"migrated, migrates, migrating",52.697,19,8.767
migration,migrations,57.39,55,8.938
millimeter,"millimeters, millimetre, millimetres",44.916,3,6.104
mineral,minerals,55.789,38,6.518
minimal,minimals,58.279,67,8.687
minimize,"minimise, minimised, minimises, minimising, minimized, minimizes, minimizing",56.638,46,8.573
minus,minuses,50.361,11,3.364
missile,missiles,45.967,4,6.937
mobility,,55.412,35,8.175
modification,modifications,57.163,52,8.229
mole,moles,46.893,5,7.805
molecular,moleculars,61.019,126,7.418
molecule,molecules,60.305,107,6.894
momentum,"momenta, momentums",54.043,25,4.174
monetary,,55.471,35,6.737
monkey,"monkeyed, monkeying, monkeys",56.124,41,802
monopoly,monopolies,52.128,16,7.579
morality,,54.008,25,758
morphological,,57.069,51,6.219
morphology,morphologies,57.76,60,8.268
mortality,,59.671,93,8.164
motif,motifs,54.158,26,8.002
motive,motives,54.153,26,7.111
multi,,44.385,3,9.263
multinational,multinationals,47.306,5,5.437
multiply,"multiplied, multiplies, multiplying",54.019,25,7.067
mutation,mutations,59.374,87,6.244
myth,myths,55.034,32,8.013
naked,,48.731,7,9.359
namely,,58.728,75,8.714
nasty,"nastier, nastiest",43.172,2,7.889
nationalism,,55.394,35,7.238
neat,"neater, neatest",46.535,5,9.081
necessity,necessities,55.614,36,8.406
neo,,43.106,2,6.806
nest,"nested, nesting, nests",54.507,28,8.741
neural,neurals,58.082,64,7.287
neuron,"neurone, neurones, neurons",60.646,116,5.967
neutral,neutrals,56.985,50,9.043
nicely,,47.725,6,8.826
niche,niches,51.415,14,9.615
nitrogen,nitrogens,55.37,34,8.022
noble,"nobler, nobles, noblest",52.34,17,796
node,nodes,59.781,95,7.042
noisy,"noisier, noisiest",47.358,5,4.145
nominal,,55.727,37,8.176
non,,57.257,53,9.415
nonetheless,,53.026,20,8.985
nonlinear,,57.795,60,5.734
norm,norms,59.005,80,7.154
notation,notations,57.412,55,7.211
novice,novices,47.123,5,7.186
nucleus,nuclei,59.324,86,7.257
null,"nulled, nulling, nulls",56.472,44,8.094
numerical,numericals,58.742,75,7.445
nutrient,nutrients,56.497,45,5.156
objection,objections,54.944,31,7.648
obscure,"obscured, obscures, obscuring",53.555,23,8.336
observer,observers,56.553,45,0.78
obtain,"obtained, obtaining, obtains",66.519,449,7.531
occupation,occupations,56.383,43,8.261
occurrence,occurrences,58.698,74,8.593
offspring,,55.636,37,7.907
onset,,59.314,85,6.151
onwards,,51.795,15,8.331
optical,opticals,53.472,22,0.66
optimal,optimals,59.411,87,7.806
optimum,,52.828,19,8.778
oral,orals,57.91,62,5.883
organ,organs,57.603,58,584
organism,organisms,58.219,66,7.014
orient,"oriented, orienting, orients",55.736,37,9.035
orientation,orientations,59.133,82,8.098
oscillation,oscillations,54.585,29,6.903
outer,,57.423,55,8.056
outlet,outlets,50.88,12,9.034
overhead,overheads,51.165,13,4.496
overlap,"overlapped, overlapping, overlaps",58.186,66,9.286
overview,overviews,56.836,48,8.886
oxidize,"oxidise, oxidised, oxidises, oxidising, oxidized, oxidizes, oxidizing",47.402,5,6.202
oxygen,,56.89,49,7.492
painful,,50.411,11,8.248
par,"parred, parring, pars",62.339,171,5.925
paradigm,paradigms,57.547,57,8.911
paradox,paradoxes,52.818,19,8.478
parameter,parameters,64.369,273,6.943
parcel,"parceled, parceling, parcelled, parcelling, parcels",47.921,6,7.278
pardon,"pardoned, pardoning, pardons",45.047,3,8.123
parental,,56.59,46,7.139
parenthesis,parentheses,52.347,17,7.307
partial,,59.709,94,8.777
partially,,56.781,48,9.002
particle,particles,59.587,91,6.445
partition,"partitioned, partitioning, partitions",57.154,52,7.249
pathway,pathways,59.216,83,5.128
peasant,peasants,55.231,33,7.515
periodic,periodics,57.181,52,7.965
peripheral,peripherals,55.789,38,6.894
pest,pests,53.215,21,5.434
pesticide,pesticides,49.732,9,5.833
phenomenal,,47.322,5,6.039
philosopher,philosophers,54.954,31,7.254
philosophical,,56.777,48,7.458
phonological,,59.327,86,7.183
phosphate,phosphates,53.639,23,4.663
photographic,photographics,47.808,6,7.986
physically,,53.993,25,9.767
physician,physicians,57.936,62,8.864
physics,,53.44,22,7.527
physiological,,56.681,47,7.126
pi,,56.158,41,7.709
planner,planners,50.802,12,6.819
plantation,plantations,51.848,15,5.598
plausible,,55.37,34,9.036
plug,"plugged, plugging, plugs",48.755,8,7.262
plural,plurals,55.504,36,6.676
polar,,54.032,25,706
pole,"poled, poles, poling",53.63,23,7.263
politically,,53.986,25,8.357
portfolio,portfolios,52.133,16,6.059
portray,"portrayed, portraying, portrays",53.275,21,8.334
portrayal,portrayals,48.265,7,6.195
positively,,54.762,30,9.302
poster,posters,47.885,6,7.683
postgraduate,postgraduates,45.287,3,7.296
potassium,,52.332,17,8.101
powder,"powdered, powdering, powders",48.592,7,8.903
practitioner,practitioners,56.391,44,8.998
pragmatic,pragmatics,56.341,43,7.758
pre,,56.759,47,6.127
precede,"preceded, precedes, preceding",59.163,82,8.294
precipitate,"precipitated, precipitates, precipitating",50.42,11,5.078
precipitation,,50.865,12,8.163
predator,predators,52.749,19,7.087
prediction,predictions,58.96,79,8.132
predominantly,,54.591,29,8.983
prejudice,"prejudiced, prejudices, prejudicing",51.8,15,7.257
preliminary,preliminaries,56.779,48,8.812
presume,"presumed, presumes, presuming",53.406,22,9.196
prevalence,,59.103,81,6.882
prey,"preyed, preying, preys",52.389,17,8.427
primer,primers,54.348,27,6.952
primitive,primitives,55.994,40,9.364
probe,"probed, probes, probing",57.391,55,848
problematic,,56.034,40,8.827
processor,processors,51.123,13,7.037
productive,,55.682,37,8.951
productivity,,56.319,43,784
profound,,53.723,24,9.517
progression,progressions,54.61,29,8.002
progressive,,56.413,44,8.819
projection,projections,58.258,67,8.299
prominent,,56.743,47,9.076
pronounce,"pronounced, pronounces, pronouncing",54.951,31,9.357
proposition,"propositioned, propositioning, propositions",59.126,82,7.118
protocol,protocols,56.421,44,8.911
proton,protons,53.672,23,6.647
psychiatric,psychiatrics,56.65,46,6.415
psychologist,psychologists,52.95,20,524
psychology,psychologies,57.534,57,4.573
publish,"published, publishes, publishing",62.897,195,9.039
pulse,"pulsed, pulses, pulsing",59.014,80,7.764
punch,"punched, punches, punching",45.325,3,8.684
punish,"punished, punishes, punishing",51.174,13,8.473
punishment,punishments,54.498,28,7.758
purely,,56.067,40,9.426
puzzle,"puzzled, puzzles, puzzling",53.621,23,9.775
qualitative,,56.538,45,8.642
quantitative,,58.011,63,8.616
quantum,,54.436,28,7.487
questionnaire,questionnaires,56.55,45,7.999
quiz,"quizzed, quizzes, quizzing",47.681,6,8.021
quotation,quotations,53.914,25,453
rack,"racked, racking, racks",42.423,2,2.702
radar,radars,45.872,4,554
radiation,,57.725,59,7.802
radius,radii,56.236,42,4.862
rainfall,,53.988,25,7.648
randomize,"randomise, randomised, randomises, randomising, randomized, randomizes, randomizing",55.884,39,7.047
randomly,,54.956,31,7.764
rational,,58.661,73,8.361
rationality,,53.385,22,8.121
ray,rays,54.371,27,7.117
reactive,,52.33,17,8.825
reactor,reactors,46.161,4,6.918
readily,,56.553,45,9.114
realism,,52.282,17,7.199
realistic,,53.836,24,8.851
realm,realms,54.899,31,8.641
receptor,receptors,61.36,137,5.813
recipe,recipes,46.646,5,7.547
reconstruct,"reconstructed, reconstructing, reconstructs",54.215,26,9.161
regime,regimes,60.528,113,8.192
regression,,59.918,98,4.909
rehabilitation,,52.856,19,7.923
reinforce,"reinforced, reinforces, reinforcing",56.494,45,8.678
rejection,rejections,55.563,36,8.841
reliability,,55.75,38,8.932
render,"rendered, rendering, renders",56.724,47,7.904
repertoire,repertoires,72.452,1759,5.923
replacement,replacements,55.554,36,8.435
replicate,"replicated, replicates, replicating",56.085,41,7.752
replication,replications,54.871,31,6.611
reproduce,"reproduced, reproduces, reproducing",56.302,43,9.223
reproduction,reproductions,55.716,37,7.821
republic,republics,51.139,13,7.138
resemble,"resembled, resembles, resembling",55.63,37,885
reservoir,reservoirs,51.49,14,7.865
residual,residuals,56.798,48,7.373
residue,residues,56.279,42,5.943
resistant,,54.502,28,7.806
respiratory,,53.617,23,4.175
retrieve,"retrieved, retrieves, retrieving",53.413,22,924
revolutionary,revolutionaries,54.203,26,7.307
rewrite,"rewrites, rewriting, rewritten, rewrote",55.265,34,9.191
rhetoric,,54.488,28,7.555
rhythm,rhythms,55.118,32,8.657
ridiculous,,44.415,3,7.216
ritual,rituals,56.577,45,7.428
robot,robots,60.055,101,6.448
rope,"roped, ropes, roping",47.082,5,5.624
rotate,"rotated, rotates, rotating",53.812,24,6.495
rotation,rotations,57.191,52,6.532
rub,"rubbed, rubbing, rubbings, rubs",45.945,4,8.953
ruler,rulers,53.831,24,679
scatter,"scattered, scattering, scatterings, scatters",56.047,40,7.371
scenario,scenarios,57.103,51,9.494
scholarship,scholarships,54.601,29,8.106
scripture,scriptures,45.819,4,479
scroll,"scrolled, scrolling, scrolls",43.465,2,6.697
secrete,"secreted, secretes, secreting",51.868,15,4.664
sediment,"sedimented, sedimenting, sediments",54.403,28,6.311
selective,,56.637,46,7.322
semantic,semantics,62.38,173,699
semester,semesters,46.324,4,8.668
semi,,44.497,3,9.148
seminar,seminars,50.37,11,6.727
sensation,sensations,52.51,18,7.831
sensible,,50.508,11,8.846
sensitivity,sensitivities,59.471,89,7.936
sensory,,55.852,38,6.045
separately,,55.903,39,9.533
separation,separations,57.743,59,8.895
sexuality,sexualities,53.225,21,9.059
shallow,"shallower, shallowest, shallows",52.691,19,8.842
shortly,,53.155,21,9.536
shuttle,"shuttled, shuttles, shuttling",43.767,2,6.116
similarity,similarities,59.459,88,908
simplify,"simplified, simplifies, simplifying",56.255,42,928
simulate,"simulated, simulates, simulating",56.493,45,8.666
simulation,simulations,60.642,116,723
simultaneously,,57.234,53,8.856
sin,"sinned, sinning, sins",58.585,72,4.986
singular,,56.917,49,743
sketch,"sketched, sketches, sketching",55.193,33,8.131
skip,"skipped, skipping, skips",47.907,6,8.904
slab,slabs,49.101,8,7.437
slash,"slashed, slashes, slashing",44.465,3,7.901
slavery,,53.344,22,5.699
slot,"slots, slotted, slotting",50.941,12,9.548
snake,"snaked, snakes, snaking",49.471,9,7.712
sneeze,"sneezed, sneezes, sneezing",40.815,1,8.074
sniff,"sniffed, sniffing, sniffs",40.694,1,5.553
socialize,"socialise, socialised, socialises, socialising, socialized, socializes, socializing",47.163,5,5.325
socially,,54.632,29,8.045
sodium,,54.597,29,785
solar,,52.604,18,338
soluble,solubles,51.627,15,6.279
solute,solutes,48.377,7,6.049
solvent,solvents,49.177,8,6.174
sometime,,46.791,5,9.026
sophisticate,"sophisticated, sophisticates",54.672,29,9.514
span,"spanned, spanning, spans",56.893,49,9.247
spatial,,60.886,123,9.265
specialty,"specialities, speciality, specialties",47.202,5,7.667
specification,specifications,57.947,62,7.823
specimen,specimens,56.813,48,918
spectrum,"spectra, spectrums",59.327,86,7.745
sperm,sperms,58.012,63,5.381
sphere,spheres,57.993,63,7.324
splice,"spliced, splices, splicing",50.174,10,6.478
sponsorship,sponsorships,43.286,2,2.042
spontaneous,,55.759,38,9.309
spray,"sprayed, spraying, sprays",48.819,8,7.682
stabilize,"stabilise, stabilised, stabilises, stabilising, stabilized, stabilizes, stabilizing",53.738,24,8.843
stack,"stacked, stacking, stacks",54.519,28,8.698
stadium,stadiums,40.67,1,5.831
stance,"stanced, stances, stancing",53.756,24,7.683
standardize,"standardise, standardised, standardises, standardising, standardized, standardizes, standardizing",54.795,30,9.332
static,statics,55.96,39,8.396
statistical,,60,100,8.734
statistically,,56.493,45,8.655
statistics,,48.058,6,8.586
stereotype,"stereotyped, stereotypes, stereotyping",53.371,22,7.121
stimulus,stimuli,61.442,139,6.749
straightforward,,55.931,39,9.156
strand,"stranded, stranding, strands",55.015,32,6.294
strategic,,55.243,33,8.145
strictly,,56.653,46,9.498
stripe,"striped, stripes, striping",49.188,8,9.011
sub,"subbed, subbing, subs",50.634,12,8.787
subjective,,55.573,36,8.974
subset,subsets,59.149,82,7.137
substitution,substitutions,58.144,65,8.594
substrate,substrates,55.933,39,6.316
subtle,"subtler, subtlest",54.148,26,9.566
subtract,"subtracted, subtracting, subtracts",50.296,11,8.419
sufficiently,,57.734,59,9.132
suicide,suicides,56.197,42,7.663
super,,49.916,10,9.474
superior,superiors,56.934,49,8.178
supposedly,,50.778,12,849
surgeon,surgeons,49.328,9,6.627
surgical,,54.461,28,5.849
surplus,surpluses,52.24,17,6.613
susceptible,,54.112,26,8.023
sustainable,sustainables,52.488,18,7.717
swap,"swapped, swapping, swaps",46.674,5,6.789
swell,"swelled, swelling, swells, swollen",50.746,12,6.989
sword,swords,47.832,6,6.093
syllable,"syllabled, syllables",58.821,76,6.978
syllabus,"syllabi, syllabuses",46.543,5,5.816
symbolic,,56.714,47,8.553
syndrome,syndromes,58.505,71,5.942
syntactic,syntactics,59.143,82,7.046
syntax,,57.747,60,8.531
synthesis,syntheses,58.258,67,6.046
synthetic,,52.608,18,9.031
systematic,,58.275,67,9.032
tech,,42.591,2,8.544
technically,,49.646,9,9.307
temporal,,59.611,91,8.431
tempt,"tempted, tempting, tempts",50.881,12,8.315
tense,"tensed, tenses, tensing",56.531,45,6.318
terminal,terminals,56.457,44,8.095
terminology,terminologies,54.32,27,9.573
terribly,,43.525,2,7.742
textbook,textbooks,53.886,24,9.504
theorem,theorems,61.319,135,564
theorist,theorists,54.58,29,8.438
thereby,,57.75,60,8.491
thermal,thermals,55.466,35,8.211
thesis,theses,58.6,72,814
thickness,thicknesses,55.655,37,7.007
thread,"threaded, threading, threads",52.077,16,8.579
threshold,thresholds,58.516,71,8.934
thumb,"thumbed, thumbing, thumbs",48.036,6,8.984
tolerance,tolerances,55.447,35,7.936
ton,tons,52.591,18,9.478
toxic,,51.236,13,8.106
tract,tracts,55.59,36,5.586
traditionally,,54.283,27,8.817
trait,traits,58.974,79,6.899
trajectory,trajectories,58.416,69,7.451
trans,,52.946,20,9.121
transaction,transactions,56.757,47,6.227
transcribe,"transcribed, transcribes, transcribing",52.012,16,7.182
transcription,transcriptions,56.502,45,5.803
transformation,transformations,60.981,125,8.695
translation,translations,60.695,117,8.673
transmission,transmissions,58.718,74,8.186
transmit,"transmits, transmitted, transmitting",55.651,37,8.736
transparency,transparencies,50.636,12,8.791
transplant,"transplanted, transplanting, transplants",53.206,21,6.095
trauma,traumas,53.505,22,6.544
treaty,treaties,52.86,19,7.117
tremendous,,49.486,9,9.356
triangle,triangles,54.284,27,8.107
tribe,tribes,51.989,16,826
tricky,"trickier, trickiest",43.896,2,807
trivial,,53.767,24,8.554
tropical,,57.782,60,8.469
tumor,"tumors, tumour, tumours",57.567,57,5.756
turbulent,,54.437,28,654
tutor,"tutored, tutoring, tutors",49.932,10,7.927
ultimate,,55.098,32,954
undergraduate,undergraduates,51.633,15,813
undermine,"undermined, undermines, undermining",55.052,32,8.327
underneath,,46.213,4,7.854
unemployed,,51.242,13,7.764
unify,"unified, unifies, unifying",54.965,31,8.489
unintelligible,,43.512,2,7.767
unity,unities,56.65,46,8.057
unstable,,56.275,42,8.732
uplift,"uplifted, uplifting, uplifts",48.006,6,7.132
upward,upwards,53.504,22,7.658
urine,,51.297,13,426
usage,,56.996,50,8.052
utility,utilities,57.696,59,7.546
utilize,"utilise, utilised, utilises, utilising, utilized, utilizes, utilizing",56.699,47,9.226
utterance,utterances,58.441,70,7.525
vague,,51.407,14,9.263
valid,,57.729,59,9.334
validity,,57.181,52,9.088
valve,"valved, valves",55.504,36,8.606
variability,variabilities,57.431,55,8.445
variance,variances,60.343,108,6.696
variant,variants,57.888,61,8.436
vector,vectors,61.431,139,5.255
vegetation,,54.315,27,7.881
vein,"veined, veining, veins",55.365,34,5.648
velocity,velocities,61.636,146,5.401
verbal,,57.644,58,8.435
vertical,verticals,57.724,59,8.186
viable,,53.435,22,7.582
virtue,virtues,56.788,48,7.631
vitamin,vitamins,52.428,17,4.207
vocabulary,vocabularies,58.444,70,7.244
volition,,44.333,3,4.814
vowel,vowels,59.968,99,685
watershed,,47.662,6,5.699
wavelength,wavelengths,54.94,31,556
weave,"weaved, weaves, weaving, wove, woven",50.467,11,7.078
wheat,,55.29,34,8.799
whereby,,53.717,24,9.542
whichever,,45.489,4,8.961
whoever,,45.733,4,8.434
widespread,,56.802,48,907
wisdom,,52.306,17,8.144
workshop,workshops,54.948,31,9.045
yeast,,51.228,13,5.551